5286ff9aafedf3b98c23db06db69b11539954465,a7e586e207b,82f6df1c2d3,None,lineage-18.1,android11-security-release
d045f50ed2f0e1f00aefc591f9f104f2bee3a546,d215015374f,cb70b693bac,None,lineage-18.1,android11-security-release
d215015374f78e047c3f65bb8da169235305d82a,f2aeff22fcf,c01b2689586,None,lineage-18.1,android11-security-release
c56b83016a6f89b92868ead3bc6bb9cd303e5027,3aa91ba5a99,4bfdbbb4178,None,lineage-18.1,android11-security-release
ce87f77e2ac9edfb8cce11ea072c53401f7018d8,898ecaa0899,dc06656820b,None,lineage-18.1,android11-security-release
8eb0d78a9400ca9d65dddb7824a5bd6b29a4d25d,f876646c54e,89eeeb09cc3,None,lineage-18.1,android11-security-release
617f1aaaa25fabf89a392460136fbe1031d963cd,f24635e345f,39472903e4d,None,lineage-18.1,android11-security-release
7f7fc2562a95be630dbe609e8fb70383dcfada4f,cf0606c2f73,49d8b986ddd,None,lineage-18.1,android11-gsi
74544b9e39b174025fcb91cc194ca920b12e8683,1bbd56683d7,2384fb32096,None,lineage-18.1,android-s-qpr3-beta-1
ff0dd629c4cd634c4917ef96ec0169a9884e57d5,dda6759718d,5735148f4ad,None,lineage-18.1,android-s-beta-5
4df37d4cf3e325a6e01351c379af7275196e70c7,75137cdbf4d,5d3dfbadf15,None,lineage-18.1,android-s-beta-4
0d56322831621c44d8d3f30d777f0893216ad09c,b80ca7e2abe,ba595d5debf,None,lineage-18.1,android-s-beta-4
653674cdb1f24976cdafe755df92da12d4646094,029edb38dc9,c9a022da64d,None,lineage-18.1,android-s-beta-4
0de4290f6e6bb144d7407e63324689a0e6bc8981,5960e54c098,719eec38438,None,lineage-18.1,android-s-beta-4
d274c33a679b96f638f6b6d14abb2472dd3fc2ac,d0b4d1741ef,b17db7a3dd4,None,lineage-18.1,android-s-beta-4
d7c3493bfb2ede20eeb1a5a011a6a8bb5758d9bc,1a417250dcf,f1563010352,None,lineage-18.1,android-s-beta-4
b4296af952e4a9679d2b6a37ba5a14f4524bf7d1,b0d54ee8dcd,513c3b5c298,None,lineage-18.1,android-s-beta-4
