687846d3b443e9a740c73d628c60f3d725f4a95c,2ee1a80abb9,49d8b986ddd,None,android11-qpr1,android11-qpr3-release
5d0b01cbec8ef722f12a90886caa04e227a90f19,c19814e9809,2384fb32096,None,android11-qpr1,simpleperf-release
1900681adc4851c233f3045f4520cf91cc3f7c04,772179c0877,5735148f4ad,None,android11-qpr1,simpleperf-release
2b80fa1049193a91ad5c9dbce20aae2fdb089c5f,1e3570e09ec,5d3dfbadf15,None,android11-qpr1,simpleperf-release
76d93333af32af36e93b47f5886c91c689a1fabf,b0096b5fbe6,ba595d5debf,None,android11-qpr1,simpleperf-release
036ec7b8cf400bfc47acdfdd357c66b819a7040e,411a6a79222,c9a022da64d,None,android11-qpr1,android12-gsi
491cbb2d321d3b18252388ee663b4c75d274d0c8,9a019d4998b,719eec38438,None,android11-qpr1,android12-gsi
c5b9da0f6b5ab4da9e1ee4b8dfb3de427cdac2d9,6eec269aff5,b17db7a3dd4,None,android11-qpr1,android12-gsi
b42e5585a11e63f3e6ac47001eb1e6cc81314faf,24abf646a0d,f1563010352,None,android11-qpr1,android12-gsi
e0eea46ea9f69a0fcce972cf39866c1fb392a2ce,bd456aa6527,513c3b5c298,None,android11-qpr1,android12-gsi
